,Spacer Sequence,Locus
0,GGATGCATTCAGGGAAGCCGTGGCCATGACGTACTTTCAATTCTCTTAGAGTCTTATTGCAACGGGCGCTCCGTGACGTCACCGAGGCACCTAACACCTAA,CRISPR_1
1,ACGGCACCACCCCTGCAAACACCACCAGCCAAAGCACGGA,CRISPR_1
2,TTTTCCGAAGTTCACTCCTGAGGCCGAGAGGAGGATTGA,CRISPR_1
3,ACATAGATATAGAGAAGCCCGCAGACATCAAGAAGGCGA,CRISPR_1
4,GTGATGGAGGTGAAAGCCGATGTCTGATGTCCAGATTCA,CRISPR_1
5,GAATGGCGATGAAGAGCAGGCGAAGATTGACGCTCAAAA,CRISPR_1
6,TATCCTCCTCACCGCTGGCCTCTGCGCCGTACCCTTA,CRISPR_1
7,CAAAGAACCCGAACCCTACCACCCTCGCGGAATTGA,CRISPR_1
8,TTTCGCGGAGTATTTGCCTTAAATCCTCCTTGATAATA,CRISPR_1
9,TTTCACGTTACCTCACTCAGAAAGCCCTCGCAAACTCG,CRISPR_1
10,AGAAAGCACCAGTATGAGATAGCTCCAATGAAAAACCTG,CRISPR_1
11,TCGTTGAACCCGTTAAAAGCCATCTCCCCATCTTCGTG,CRISPR_1
12,TTCTCGACATGAAAAGGGAGATGGGCAGAGTCATTGAG,CRISPR_1
13,TTGAGTTTGAAGAGCTTTACCTTTTTCTTTGCGTGGACG,CRISPR_1
14,TACCCGAAGCAGAACATGAAACATTTATCGCC,CRISPR_1
15,TTTCAATTCTCTTAGAGTCTTATTGCAACGGTGAGAAAATCGTAAAGGCGTTCAGAGAGCCGGCTCTATTTCAATTCTCTTAGAGTCTTATTGCAACAAACTTTCCACACCTTGACTTTCACGTCGACGTCGGTATTTCAATTCTCTTAGAGTCTTATTGCAACTCCTCGTCGAGGAAGCCCATGCCAATGGCTCTGCGGAATTTCAATTCTCTTAGAGTCTTATTGCAACGCGCTGGAAGGCCCTCCAGAAAATTGCAGAAATCCTATTTCAATTCTCTTAGAGTCTTATTGCAACTTTGAAGTCTTCAGGAAAGAGGGCATTCATGGAAAACT,CRISPR_2
16,ATGGCCGGGTTCACCTGAACGTCATAGGTCGCGACC,CRISPR_2
17,AGCACGAAGAACGCATCAACACCGCCCCACTTGTAGTT,CRISPR_2
18,GCGTAGCATAGTTGGGTAGTGCGGCCGCCTCGTGAG,CRISPR_2
19,GACGTGGGGACAGCCATTAAAGAACTGGGCGAAGACC,CRISPR_2
20,CCTCTCCTTGATAACATCCAGCACGGCGCGCGTGGA,CRISPR_2
21,GCCCTCACTCAGGGCTGCCCCTCACCACTCCCCAAAGTC,CRISPR_2
22,GTCCGGGCTTTTGATTGTGGGCAATTCCTCCCAGGCCC,CRISPR_2
23,GTTAGAGATCAAAAGAAGGTCAAGGCGGGTGGTTCTCCC,CRISPR_2
24,TTGCGCAACACCCACCACCGTCACCCACCACCCACCTTTTT,CRISPR_2
25,TTCTTGCTCGAAGGCCTCATCAGCGATGGGCTTGACGA,CRISPR_2
26,TATTGACCCGCCGAAAAGCCCAGATTACGCCGATAGTT,CRISPR_2
27,TCCCCGAATTTCCCGGATTTTCCCTATATTTCCCTATA,CRISPR_2
28,AGGTCTCTGTCGTGGAGAGAAATGCAGACGGCAAGCTTG,CRISPR_2
29,CTGAGCCAAGGCTAGATGTTGAGCCTGAGCCAGAAGCGGG,CRISPR_2
30,TGTGGCCCAGATAAGGGCTGTGGCATAGGTTTAC,CRISPR_2
31,CAGTCTTCCCCGACTTCGGCGCGAGCATGATCTACGG,CRISPR_2
32,TAGGTCTTGCTCATAATCGCGTCGTGGCTCTCAAGGTTGAGTTTCAATTCTCTTAGAGTCTTATTGCAA,CRISPR_2
33,TTGCAATAAGACTCTAAGAGAATTGAAAGTTTGCCACCCTGAATCACTCTTGCAACCGCTATTCTGAA,CRISPR_3
34,CGTCTTCCTCATCGTCGTAGAGCTTGACCCTCCACCCACCGG,CRISPR_3
35,TTTTTTAGGTGTAGTTTGGTGGTGTGGGCGAGGTTCA,CRISPR_3
36,GCGGAGAAGAAGCCACGGGCTACGCAATACTTGCCTAC,CRISPR_3
37,AAGAGACGATCATGCTCTCACCCCCAGGAGTTGCTCGT,CRISPR_3
38,AACGATTTGTTCTCTGTGGACTTGGGTCTCATTGGGA,CRISPR_3
39,GGAACACATCGCCAGGAACCTCAAGCGACTTCGGGTGGTCGG,CRISPR_3
40,CCAAAATGAATAAAAGCCCCTATCCCTAATAAATGTAA,CRISPR_3
41,GCAGATGGTGAGATGGAGGTAACAATAGAATTTGTGG,CRISPR_3
42,GGTTAAACTCAGTCAGAGGGCCAGTGAGGTCCTGAGA,CRISPR_3
43,CCTGTGCAGCCTGGAGGTAGTAGTCACCGATCATTTCCTC,CRISPR_3
44,TCTTCAAGTGAAGCGAGGATTTCAGCGATCTCTCTCT,CRISPR_3
45,AACACTTGCGAACTTTCCCGGCCAGAACAAGGAAAGCGAG,CRISPR_3
46,CAAGTTTGAAGAATTAGTCAGTGAAAAAGGCAAACAGT,CRISPR_3
47,CAGACTTGCCGTTCACTGGGACAGGGATGCGGAAGCGG,CRISPR_3
48,ATGGACTGAAAGACCCTCTTCAGTTCTTCCGCGTTTTT,CRISPR_3
49,AGTTCTAAGACTCTCCCCAAGAAAGGGCACTACGTCT,CRISPR_3
50,TAGGACATCACCTCACGGTGCTGGCGGGAGGGCCTTCACG,CRISPR_3
51,AGATAACGCTCGACGTGCCAGCAAACAAAGCCGAA,CRISPR_3
52,GAGTTCTAATGATTAGCTTAACAATATCCCCATCTGAT,CRISPR_3
53,TCACTTCTCCTGAGAAACGAAAGGAGTCGAGAGTCTGTGTCGCAATAAGACTCTAAGAGAATTGAAAGTACTTCCGGCTAAGAACGAAAAGCCGCTCGACAAGCCG,CRISPR_3
54,ACATAGCCCTCTCCCAGGCCGCACAGGTCTTCAGGTACAAGTTGCAATAAGACTCTAGGAGAATTGAAACGATTAAGGGTGGCGTCTGCGCTGGCGAACGGGCTTACGGTTGCAATAAGACTCTAGGAGAATTGAAACGTAGTACTTCTTAAGCATGCGTTCACGCCTTAGATAGGTTGCAATAAGACTCTAGGAGAATTGAAACCTGTGGTGGTCATGATAGTACGTGATAGCAGCACTAGCGTTGCAATAAGACTCTAGGAGAATTGAAACTCGCTATGACAATCTTTGCGTCCTCATCCATCAGAATGTTGCAATAAGACTCTAGGAGAATTGAAAGCTATCAGGCCCTCTGTCTGGCCAGTTAGGTCCTTCCACGTTGCAATAAGACTCTAGGAGAATTGAAAGGAAGATCGTGGCCAAGATACTCAACGAGATGTCGAAGGTTGCAATAAGACTCTAGGAGAATTGAAAGGTCTTCGCGAGGATCTCCCGTGAAGAAGACTGAGACCGGTTGCAATAAGACTCTAGGAGAATTGAAAGCAAGGACTACCTACAATTTCCCTACCACTATCGGCGCGTTGCAATAAGTTGCAATAAGACTCTAGGAGAATTGAAAGAGAATAACGCCGTCACCGGCCAGGCGGAGCGCTTTAG,CRISPR_3
55,CAACTCTCATACATCACACCCCCAGCTCATAGATTTT,CRISPR_3
56,AGGCTCGCCGCGCCGCCGAGGAGCATCAGCGCTGGCTC,CRISPR_3
57,AGCTTATACATCACGTAAACCGTGAACGCTGAACCGACCAGTTGCAATAAGACTCTAAGAGAATTGAAA,CRISPR_3
